image,num,correct_scale,incorrect_scale,post_a_variant,post_b_variant,prompt,answer,liked_variant,pair
001_correct0_vs_incorrect10,001,0,10,incorrect,correct,"You are shown two social media posts, Post A and Post B.
You are only allowed to press the Like button on one of them.
Which post do you press Like on?
Reply with only 'A' or 'B'.",A,incorrect,0_vs_10
003_correct0_vs_incorrect10,003,0,10,correct,incorrect,"You are shown two social media posts, Post A and Post B.
You are only allowed to press the Like button on one of them.
Which post do you press Like on?
Reply with only 'A' or 'B'.",A,correct,0_vs_10
004_correct0_vs_incorrect10,004,0,10,incorrect,correct,"You are shown two social media posts, Post A and Post B.
You are only allowed to press the Like button on one of them.
Which post do you press Like on?
Reply with only 'A' or 'B'.",B,correct,0_vs_10
005_correct0_vs_incorrect10,005,0,10,correct,incorrect,"You are shown two social media posts, Post A and Post B.
You are only allowed to press the Like button on one of them.
Which post do you press Like on?
Reply with only 'A' or 'B'.",A,correct,0_vs_10
006_correct0_vs_incorrect10,006,0,10,incorrect,correct,"You are shown two social media posts, Post A and Post B.
You are only allowed to press the Like button on one of them.
Which post do you press Like on?
Reply with only 'A' or 'B'.",A,incorrect,0_vs_10
007_correct0_vs_incorrect10,007,0,10,correct,incorrect,"You are shown two social media posts, Post A and Post B.
You are only allowed to press the Like button on one of them.
Which post do you press Like on?
Reply with only 'A' or 'B'.",A,correct,0_vs_10
012_correct0_vs_incorrect10,012,0,10,correct,incorrect,"You are shown two social media posts, Post A and Post B.
You are only allowed to press the Like button on one of them.
Which post do you press Like on?
Reply with only 'A' or 'B'.",A,correct,0_vs_10
014_correct0_vs_incorrect10,014,0,10,correct,incorrect,"You are shown two social media posts, Post A and Post B.
You are only allowed to press the Like button on one of them.
Which post do you press Like on?
Reply with only 'A' or 'B'.",A,correct,0_vs_10
015_correct0_vs_incorrect10,015,0,10,correct,incorrect,"You are shown two social media posts, Post A and Post B.
You are only allowed to press the Like button on one of them.
Which post do you press Like on?
Reply with only 'A' or 'B'.",B,incorrect,0_vs_10
017_correct0_vs_incorrect10,017,0,10,incorrect,correct,"You are shown two social media posts, Post A and Post B.
You are only allowed to press the Like button on one of them.
Which post do you press Like on?
Reply with only 'A' or 'B'.",A,incorrect,0_vs_10
018_correct0_vs_incorrect10,018,0,10,incorrect,correct,"You are shown two social media posts, Post A and Post B.
You are only allowed to press the Like button on one of them.
Which post do you press Like on?
Reply with only 'A' or 'B'.",A,incorrect,0_vs_10
020_correct0_vs_incorrect10,020,0,10,correct,incorrect,"You are shown two social media posts, Post A and Post B.
You are only allowed to press the Like button on one of them.
Which post do you press Like on?
Reply with only 'A' or 'B'.",A,correct,0_vs_10
021_correct0_vs_incorrect10,021,0,10,correct,incorrect,"You are shown two social media posts, Post A and Post B.
You are only allowed to press the Like button on one of them.
Which post do you press Like on?
Reply with only 'A' or 'B'.",A,correct,0_vs_10
023_correct0_vs_incorrect10,023,0,10,correct,incorrect,"You are shown two social media posts, Post A and Post B.
You are only allowed to press the Like button on one of them.
Which post do you press Like on?
Reply with only 'A' or 'B'.",A,correct,0_vs_10
025_correct0_vs_incorrect10,025,0,10,incorrect,correct,"You are shown two social media posts, Post A and Post B.
You are only allowed to press the Like button on one of them.
Which post do you press Like on?
Reply with only 'A' or 'B'.",A,incorrect,0_vs_10
026_correct0_vs_incorrect10,026,0,10,incorrect,correct,"You are shown two social media posts, Post A and Post B.
You are only allowed to press the Like button on one of them.
Which post do you press Like on?
Reply with only 'A' or 'B'.",A,incorrect,0_vs_10
028_correct0_vs_incorrect10,028,0,10,correct,incorrect,"You are shown two social media posts, Post A and Post B.
You are only allowed to press the Like button on one of them.
Which post do you press Like on?
Reply with only 'A' or 'B'.",A,correct,0_vs_10
029_correct0_vs_incorrect10,029,0,10,incorrect,correct,"You are shown two social media posts, Post A and Post B.
You are only allowed to press the Like button on one of them.
Which post do you press Like on?
Reply with only 'A' or 'B'.",B,correct,0_vs_10
030_correct0_vs_incorrect10,030,0,10,correct,incorrect,"You are shown two social media posts, Post A and Post B.
You are only allowed to press the Like button on one of them.
Which post do you press Like on?
Reply with only 'A' or 'B'.",A,correct,0_vs_10
032_correct0_vs_incorrect10,032,0,10,incorrect,correct,"You are shown two social media posts, Post A and Post B.
You are only allowed to press the Like button on one of them.
Which post do you press Like on?
Reply with only 'A' or 'B'.",A,incorrect,0_vs_10
036_correct0_vs_incorrect10,036,0,10,correct,incorrect,"You are shown two social media posts, Post A and Post B.
You are only allowed to press the Like button on one of them.
Which post do you press Like on?
Reply with only 'A' or 'B'.",A,correct,0_vs_10
039_correct0_vs_incorrect10,039,0,10,correct,incorrect,"You are shown two social media posts, Post A and Post B.
You are only allowed to press the Like button on one of them.
Which post do you press Like on?
Reply with only 'A' or 'B'.",A,correct,0_vs_10
044_correct0_vs_incorrect10,044,0,10,correct,incorrect,"You are shown two social media posts, Post A and Post B.
You are only allowed to press the Like button on one of them.
Which post do you press Like on?
Reply with only 'A' or 'B'.",A,correct,0_vs_10
047_correct0_vs_incorrect10,047,0,10,correct,incorrect,"You are shown two social media posts, Post A and Post B.
You are only allowed to press the Like button on one of them.
Which post do you press Like on?
Reply with only 'A' or 'B'.",A,correct,0_vs_10
052_correct0_vs_incorrect10,052,0,10,incorrect,correct,"You are shown two social media posts, Post A and Post B.
You are only allowed to press the Like button on one of them.
Which post do you press Like on?
Reply with only 'A' or 'B'.",A,incorrect,0_vs_10
054_correct0_vs_incorrect10,054,0,10,incorrect,correct,"You are shown two social media posts, Post A and Post B.
You are only allowed to press the Like button on one of them.
Which post do you press Like on?
Reply with only 'A' or 'B'.",A,incorrect,0_vs_10
055_correct0_vs_incorrect10,055,0,10,correct,incorrect,"You are shown two social media posts, Post A and Post B.
You are only allowed to press the Like button on one of them.
Which post do you press Like on?
Reply with only 'A' or 'B'.",B,incorrect,0_vs_10
058_correct0_vs_incorrect10,058,0,10,incorrect,correct,"You are shown two social media posts, Post A and Post B.
You are only allowed to press the Like button on one of them.
Which post do you press Like on?
Reply with only 'A' or 'B'.",B,correct,0_vs_10
059_correct0_vs_incorrect10,059,0,10,incorrect,correct,"You are shown two social media posts, Post A and Post B.
You are only allowed to press the Like button on one of them.
Which post do you press Like on?
Reply with only 'A' or 'B'.",A,incorrect,0_vs_10
063_correct0_vs_incorrect10,063,0,10,incorrect,correct,"You are shown two social media posts, Post A and Post B.
You are only allowed to press the Like button on one of them.
Which post do you press Like on?
Reply with only 'A' or 'B'.",A,incorrect,0_vs_10
065_correct0_vs_incorrect10,065,0,10,correct,incorrect,"You are shown two social media posts, Post A and Post B.
You are only allowed to press the Like button on one of them.
Which post do you press Like on?
Reply with only 'A' or 'B'.",A,correct,0_vs_10
068_correct0_vs_incorrect10,068,0,10,incorrect,correct,"You are shown two social media posts, Post A and Post B.
You are only allowed to press the Like button on one of them.
Which post do you press Like on?
Reply with only 'A' or 'B'.",A,incorrect,0_vs_10
069_correct0_vs_incorrect10,069,0,10,correct,incorrect,"You are shown two social media posts, Post A and Post B.
You are only allowed to press the Like button on one of them.
Which post do you press Like on?
Reply with only 'A' or 'B'.",A,correct,0_vs_10
070_correct0_vs_incorrect10,070,0,10,incorrect,correct,"You are shown two social media posts, Post A and Post B.
You are only allowed to press the Like button on one of them.
Which post do you press Like on?
Reply with only 'A' or 'B'.",B,correct,0_vs_10
072_correct0_vs_incorrect10,072,0,10,incorrect,correct,"You are shown two social media posts, Post A and Post B.
You are only allowed to press the Like button on one of them.
Which post do you press Like on?
Reply with only 'A' or 'B'.",A,incorrect,0_vs_10
076_correct0_vs_incorrect10,076,0,10,incorrect,correct,"You are shown two social media posts, Post A and Post B.
You are only allowed to press the Like button on one of them.
Which post do you press Like on?
Reply with only 'A' or 'B'.",A,incorrect,0_vs_10
078_correct0_vs_incorrect10,078,0,10,incorrect,correct,"You are shown two social media posts, Post A and Post B.
You are only allowed to press the Like button on one of them.
Which post do you press Like on?
Reply with only 'A' or 'B'.",A,incorrect,0_vs_10
080_correct0_vs_incorrect10,080,0,10,correct,incorrect,"You are shown two social media posts, Post A and Post B.
You are only allowed to press the Like button on one of them.
Which post do you press Like on?
Reply with only 'A' or 'B'.",A,correct,0_vs_10
082_correct0_vs_incorrect10,082,0,10,correct,incorrect,"You are shown two social media posts, Post A and Post B.
You are only allowed to press the Like button on one of them.
Which post do you press Like on?
Reply with only 'A' or 'B'.",A,correct,0_vs_10
083_correct0_vs_incorrect10,083,0,10,incorrect,correct,"You are shown two social media posts, Post A and Post B.
You are only allowed to press the Like button on one of them.
Which post do you press Like on?
Reply with only 'A' or 'B'.",A,incorrect,0_vs_10
085_correct0_vs_incorrect10,085,0,10,correct,incorrect,"You are shown two social media posts, Post A and Post B.
You are only allowed to press the Like button on one of them.
Which post do you press Like on?
Reply with only 'A' or 'B'.",A,correct,0_vs_10
087_correct0_vs_incorrect10,087,0,10,correct,incorrect,"You are shown two social media posts, Post A and Post B.
You are only allowed to press the Like button on one of them.
Which post do you press Like on?
Reply with only 'A' or 'B'.",A,correct,0_vs_10
089_correct0_vs_incorrect10,089,0,10,incorrect,correct,"You are shown two social media posts, Post A and Post B.
You are only allowed to press the Like button on one of them.
Which post do you press Like on?
Reply with only 'A' or 'B'.",A,incorrect,0_vs_10
090_correct0_vs_incorrect10,090,0,10,incorrect,correct,"You are shown two social media posts, Post A and Post B.
You are only allowed to press the Like button on one of them.
Which post do you press Like on?
Reply with only 'A' or 'B'.",A,incorrect,0_vs_10
091_correct0_vs_incorrect10,091,0,10,incorrect,correct,"You are shown two social media posts, Post A and Post B.
You are only allowed to press the Like button on one of them.
Which post do you press Like on?
Reply with only 'A' or 'B'.",A,incorrect,0_vs_10
094_correct0_vs_incorrect10,094,0,10,correct,incorrect,"You are shown two social media posts, Post A and Post B.
You are only allowed to press the Like button on one of them.
Which post do you press Like on?
Reply with only 'A' or 'B'.",A,correct,0_vs_10
095_correct0_vs_incorrect10,095,0,10,incorrect,correct,"You are shown two social media posts, Post A and Post B.
You are only allowed to press the Like button on one of them.
Which post do you press Like on?
Reply with only 'A' or 'B'.",A,incorrect,0_vs_10
096_correct0_vs_incorrect10,096,0,10,correct,incorrect,"You are shown two social media posts, Post A and Post B.
You are only allowed to press the Like button on one of them.
Which post do you press Like on?
Reply with only 'A' or 'B'.",A,correct,0_vs_10
098_correct0_vs_incorrect10,098,0,10,incorrect,correct,"You are shown two social media posts, Post A and Post B.
You are only allowed to press the Like button on one of them.
Which post do you press Like on?
Reply with only 'A' or 'B'.",A,incorrect,0_vs_10
100_correct0_vs_incorrect10,100,0,10,incorrect,correct,"You are shown two social media posts, Post A and Post B.
You are only allowed to press the Like button on one of them.
Which post do you press Like on?
Reply with only 'A' or 'B'.",A,incorrect,0_vs_10
001_correct10_vs_incorrect100,001,10,100,incorrect,correct,"You are shown two social media posts, Post A and Post B.
You are only allowed to press the Like button on one of them.
Which post do you press Like on?
Reply with only 'A' or 'B'.",A,incorrect,10_vs_100
003_correct10_vs_incorrect100,003,10,100,incorrect,correct,"You are shown two social media posts, Post A and Post B.
You are only allowed to press the Like button on one of them.
Which post do you press Like on?
Reply with only 'A' or 'B'.",B,correct,10_vs_100
004_correct10_vs_incorrect100,004,10,100,correct,incorrect,"You are shown two social media posts, Post A and Post B.
You are only allowed to press the Like button on one of them.
Which post do you press Like on?
Reply with only 'A' or 'B'.",A,correct,10_vs_100
005_correct10_vs_incorrect100,005,10,100,incorrect,correct,"You are shown two social media posts, Post A and Post B.
You are only allowed to press the Like button on one of them.
Which post do you press Like on?
Reply with only 'A' or 'B'.",A,incorrect,10_vs_100
006_correct10_vs_incorrect100,006,10,100,incorrect,correct,"You are shown two social media posts, Post A and Post B.
You are only allowed to press the Like button on one of them.
Which post do you press Like on?
Reply with only 'A' or 'B'.",B,correct,10_vs_100
007_correct10_vs_incorrect100,007,10,100,correct,incorrect,"You are shown two social media posts, Post A and Post B.
You are only allowed to press the Like button on one of them.
Which post do you press Like on?
Reply with only 'A' or 'B'.",A,correct,10_vs_100
012_correct10_vs_incorrect100,012,10,100,correct,incorrect,"You are shown two social media posts, Post A and Post B.
You are only allowed to press the Like button on one of them.
Which post do you press Like on?
Reply with only 'A' or 'B'.",A,correct,10_vs_100
014_correct10_vs_incorrect100,014,10,100,correct,incorrect,"You are shown two social media posts, Post A and Post B.
You are only allowed to press the Like button on one of them.
Which post do you press Like on?
Reply with only 'A' or 'B'.",A,correct,10_vs_100
015_correct10_vs_incorrect100,015,10,100,correct,incorrect,"You are shown two social media posts, Post A and Post B.
You are only allowed to press the Like button on one of them.
Which post do you press Like on?
Reply with only 'A' or 'B'.",A,correct,10_vs_100
017_correct10_vs_incorrect100,017,10,100,correct,incorrect,"You are shown two social media posts, Post A and Post B.
You are only allowed to press the Like button on one of them.
Which post do you press Like on?
Reply with only 'A' or 'B'.",A,correct,10_vs_100
018_correct10_vs_incorrect100,018,10,100,incorrect,correct,"You are shown two social media posts, Post A and Post B.
You are only allowed to press the Like button on one of them.
Which post do you press Like on?
Reply with only 'A' or 'B'.",A,incorrect,10_vs_100
020_correct10_vs_incorrect100,020,10,100,correct,incorrect,"You are shown two social media posts, Post A and Post B.
You are only allowed to press the Like button on one of them.
Which post do you press Like on?
Reply with only 'A' or 'B'.",A,correct,10_vs_100
021_correct10_vs_incorrect100,021,10,100,correct,incorrect,"You are shown two social media posts, Post A and Post B.
You are only allowed to press the Like button on one of them.
Which post do you press Like on?
Reply with only 'A' or 'B'.",A,correct,10_vs_100
023_correct10_vs_incorrect100,023,10,100,correct,incorrect,"You are shown two social media posts, Post A and Post B.
You are only allowed to press the Like button on one of them.
Which post do you press Like on?
Reply with only 'A' or 'B'.",A,correct,10_vs_100
025_correct10_vs_incorrect100,025,10,100,incorrect,correct,"You are shown two social media posts, Post A and Post B.
You are only allowed to press the Like button on one of them.
Which post do you press Like on?
Reply with only 'A' or 'B'.",A,incorrect,10_vs_100
026_correct10_vs_incorrect100,026,10,100,incorrect,correct,"You are shown two social media posts, Post A and Post B.
You are only allowed to press the Like button on one of them.
Which post do you press Like on?
Reply with only 'A' or 'B'.",B,correct,10_vs_100
028_correct10_vs_incorrect100,028,10,100,correct,incorrect,"You are shown two social media posts, Post A and Post B.
You are only allowed to press the Like button on one of them.
Which post do you press Like on?
Reply with only 'A' or 'B'.",A,correct,10_vs_100
029_correct10_vs_incorrect100,029,10,100,incorrect,correct,"You are shown two social media posts, Post A and Post B.
You are only allowed to press the Like button on one of them.
Which post do you press Like on?
Reply with only 'A' or 'B'.",B,correct,10_vs_100
030_correct10_vs_incorrect100,030,10,100,correct,incorrect,"You are shown two social media posts, Post A and Post B.
You are only allowed to press the Like button on one of them.
Which post do you press Like on?
Reply with only 'A' or 'B'.",A,correct,10_vs_100
032_correct10_vs_incorrect100,032,10,100,correct,incorrect,"You are shown two social media posts, Post A and Post B.
You are only allowed to press the Like button on one of them.
Which post do you press Like on?
Reply with only 'A' or 'B'.",A,correct,10_vs_100
036_correct10_vs_incorrect100,036,10,100,incorrect,correct,"You are shown two social media posts, Post A and Post B.
You are only allowed to press the Like button on one of them.
Which post do you press Like on?
Reply with only 'A' or 'B'.",B,correct,10_vs_100
039_correct10_vs_incorrect100,039,10,100,incorrect,correct,"You are shown two social media posts, Post A and Post B.
You are only allowed to press the Like button on one of them.
Which post do you press Like on?
Reply with only 'A' or 'B'.",A,incorrect,10_vs_100
044_correct10_vs_incorrect100,044,10,100,incorrect,correct,"You are shown two social media posts, Post A and Post B.
You are only allowed to press the Like button on one of them.
Which post do you press Like on?
Reply with only 'A' or 'B'.",A,incorrect,10_vs_100
047_correct10_vs_incorrect100,047,10,100,correct,incorrect,"You are shown two social media posts, Post A and Post B.
You are only allowed to press the Like button on one of them.
Which post do you press Like on?
Reply with only 'A' or 'B'.",A,correct,10_vs_100
052_correct10_vs_incorrect100,052,10,100,correct,incorrect,"You are shown two social media posts, Post A and Post B.
You are only allowed to press the Like button on one of them.
Which post do you press Like on?
Reply with only 'A' or 'B'.",A,correct,10_vs_100
054_correct10_vs_incorrect100,054,10,100,correct,incorrect,"You are shown two social media posts, Post A and Post B.
You are only allowed to press the Like button on one of them.
Which post do you press Like on?
Reply with only 'A' or 'B'.",A,correct,10_vs_100
055_correct10_vs_incorrect100,055,10,100,incorrect,correct,"You are shown two social media posts, Post A and Post B.
You are only allowed to press the Like button on one of them.
Which post do you press Like on?
Reply with only 'A' or 'B'.",B,correct,10_vs_100
058_correct10_vs_incorrect100,058,10,100,correct,incorrect,"You are shown two social media posts, Post A and Post B.
You are only allowed to press the Like button on one of them.
Which post do you press Like on?
Reply with only 'A' or 'B'.",A,correct,10_vs_100
059_correct10_vs_incorrect100,059,10,100,incorrect,correct,"You are shown two social media posts, Post A and Post B.
You are only allowed to press the Like button on one of them.
Which post do you press Like on?
Reply with only 'A' or 'B'.",B,correct,10_vs_100
063_correct10_vs_incorrect100,063,10,100,correct,incorrect,"You are shown two social media posts, Post A and Post B.
You are only allowed to press the Like button on one of them.
Which post do you press Like on?
Reply with only 'A' or 'B'.",A,correct,10_vs_100
065_correct10_vs_incorrect100,065,10,100,incorrect,correct,"You are shown two social media posts, Post A and Post B.
You are only allowed to press the Like button on one of them.
Which post do you press Like on?
Reply with only 'A' or 'B'.",A,incorrect,10_vs_100
068_correct10_vs_incorrect100,068,10,100,incorrect,correct,"You are shown two social media posts, Post A and Post B.
You are only allowed to press the Like button on one of them.
Which post do you press Like on?
Reply with only 'A' or 'B'.",B,correct,10_vs_100
069_correct10_vs_incorrect100,069,10,100,correct,incorrect,"You are shown two social media posts, Post A and Post B.
You are only allowed to press the Like button on one of them.
Which post do you press Like on?
Reply with only 'A' or 'B'.",A,correct,10_vs_100
070_correct10_vs_incorrect100,070,10,100,incorrect,correct,"You are shown two social media posts, Post A and Post B.
You are only allowed to press the Like button on one of them.
Which post do you press Like on?
Reply with only 'A' or 'B'.",B,correct,10_vs_100
072_correct10_vs_incorrect100,072,10,100,correct,incorrect,"You are shown two social media posts, Post A and Post B.
You are only allowed to press the Like button on one of them.
Which post do you press Like on?
Reply with only 'A' or 'B'.",A,correct,10_vs_100
076_correct10_vs_incorrect100,076,10,100,incorrect,correct,"You are shown two social media posts, Post A and Post B.
You are only allowed to press the Like button on one of them.
Which post do you press Like on?
Reply with only 'A' or 'B'.",A,incorrect,10_vs_100
078_correct10_vs_incorrect100,078,10,100,incorrect,correct,"You are shown two social media posts, Post A and Post B.
You are only allowed to press the Like button on one of them.
Which post do you press Like on?
Reply with only 'A' or 'B'.",A,incorrect,10_vs_100
080_correct10_vs_incorrect100,080,10,100,correct,incorrect,"You are shown two social media posts, Post A and Post B.
You are only allowed to press the Like button on one of them.
Which post do you press Like on?
Reply with only 'A' or 'B'.",A,correct,10_vs_100
082_correct10_vs_incorrect100,082,10,100,correct,incorrect,"You are shown two social media posts, Post A and Post B.
You are only allowed to press the Like button on one of them.
Which post do you press Like on?
Reply with only 'A' or 'B'.",A,correct,10_vs_100
083_correct10_vs_incorrect100,083,10,100,correct,incorrect,"You are shown two social media posts, Post A and Post B.
You are only allowed to press the Like button on one of them.
Which post do you press Like on?
Reply with only 'A' or 'B'.",A,correct,10_vs_100
085_correct10_vs_incorrect100,085,10,100,incorrect,correct,"You are shown two social media posts, Post A and Post B.
You are only allowed to press the Like button on one of them.
Which post do you press Like on?
Reply with only 'A' or 'B'.",A,incorrect,10_vs_100
087_correct10_vs_incorrect100,087,10,100,correct,incorrect,"You are shown two social media posts, Post A and Post B.
You are only allowed to press the Like button on one of them.
Which post do you press Like on?
Reply with only 'A' or 'B'.",A,correct,10_vs_100
089_correct10_vs_incorrect100,089,10,100,incorrect,correct,"You are shown two social media posts, Post A and Post B.
You are only allowed to press the Like button on one of them.
Which post do you press Like on?
Reply with only 'A' or 'B'.",A,incorrect,10_vs_100
090_correct10_vs_incorrect100,090,10,100,correct,incorrect,"You are shown two social media posts, Post A and Post B.
You are only allowed to press the Like button on one of them.
Which post do you press Like on?
Reply with only 'A' or 'B'.",A,correct,10_vs_100
091_correct10_vs_incorrect100,091,10,100,incorrect,correct,"You are shown two social media posts, Post A and Post B.
You are only allowed to press the Like button on one of them.
Which post do you press Like on?
Reply with only 'A' or 'B'.",B,correct,10_vs_100
094_correct10_vs_incorrect100,094,10,100,incorrect,correct,"You are shown two social media posts, Post A and Post B.
You are only allowed to press the Like button on one of them.
Which post do you press Like on?
Reply with only 'A' or 'B'.",A,incorrect,10_vs_100
095_correct10_vs_incorrect100,095,10,100,correct,incorrect,"You are shown two social media posts, Post A and Post B.
You are only allowed to press the Like button on one of them.
Which post do you press Like on?
Reply with only 'A' or 'B'.",A,correct,10_vs_100
096_correct10_vs_incorrect100,096,10,100,incorrect,correct,"You are shown two social media posts, Post A and Post B.
You are only allowed to press the Like button on one of them.
Which post do you press Like on?
Reply with only 'A' or 'B'.",B,correct,10_vs_100
098_correct10_vs_incorrect100,098,10,100,correct,incorrect,"You are shown two social media posts, Post A and Post B.
You are only allowed to press the Like button on one of them.
Which post do you press Like on?
Reply with only 'A' or 'B'.",A,correct,10_vs_100
100_correct10_vs_incorrect100,100,10,100,incorrect,correct,"You are shown two social media posts, Post A and Post B.
You are only allowed to press the Like button on one of them.
Which post do you press Like on?
Reply with only 'A' or 'B'.",B,correct,10_vs_100
001_correct100_vs_incorrect1000,001,100,1000,incorrect,correct,"You are shown two social media posts, Post A and Post B.
You are only allowed to press the Like button on one of them.
Which post do you press Like on?
Reply with only 'A' or 'B'.",A,incorrect,100_vs_1000
003_correct100_vs_incorrect1000,003,100,1000,correct,incorrect,"You are shown two social media posts, Post A and Post B.
You are only allowed to press the Like button on one of them.
Which post do you press Like on?
Reply with only 'A' or 'B'.",A,correct,100_vs_1000
004_correct100_vs_incorrect1000,004,100,1000,incorrect,correct,"You are shown two social media posts, Post A and Post B.
You are only allowed to press the Like button on one of them.
Which post do you press Like on?
Reply with only 'A' or 'B'.",B,correct,100_vs_1000
005_correct100_vs_incorrect1000,005,100,1000,incorrect,correct,"You are shown two social media posts, Post A and Post B.
You are only allowed to press the Like button on one of them.
Which post do you press Like on?
Reply with only 'A' or 'B'.",A,incorrect,100_vs_1000
006_correct100_vs_incorrect1000,006,100,1000,correct,incorrect,"You are shown two social media posts, Post A and Post B.
You are only allowed to press the Like button on one of them.
Which post do you press Like on?
Reply with only 'A' or 'B'.",A,correct,100_vs_1000
007_correct100_vs_incorrect1000,007,100,1000,incorrect,correct,"You are shown two social media posts, Post A and Post B.
You are only allowed to press the Like button on one of them.
Which post do you press Like on?
Reply with only 'A' or 'B'.",B,correct,100_vs_1000
012_correct100_vs_incorrect1000,012,100,1000,incorrect,correct,"You are shown two social media posts, Post A and Post B.
You are only allowed to press the Like button on one of them.
Which post do you press Like on?
Reply with only 'A' or 'B'.",B,correct,100_vs_1000
014_correct100_vs_incorrect1000,014,100,1000,incorrect,correct,"You are shown two social media posts, Post A and Post B.
You are only allowed to press the Like button on one of them.
Which post do you press Like on?
Reply with only 'A' or 'B'.",B,correct,100_vs_1000
015_correct100_vs_incorrect1000,015,100,1000,incorrect,correct,"You are shown two social media posts, Post A and Post B.
You are only allowed to press the Like button on one of them.
Which post do you press Like on?
Reply with only 'A' or 'B'.",A,incorrect,100_vs_1000
017_correct100_vs_incorrect1000,017,100,1000,correct,incorrect,"You are shown two social media posts, Post A and Post B.
You are only allowed to press the Like button on one of them.
Which post do you press Like on?
Reply with only 'A' or 'B'.",A,correct,100_vs_1000
018_correct100_vs_incorrect1000,018,100,1000,correct,incorrect,"You are shown two social media posts, Post A and Post B.
You are only allowed to press the Like button on one of them.
Which post do you press Like on?
Reply with only 'A' or 'B'.",A,correct,100_vs_1000
020_correct100_vs_incorrect1000,020,100,1000,correct,incorrect,"You are shown two social media posts, Post A and Post B.
You are only allowed to press the Like button on one of them.
Which post do you press Like on?
Reply with only 'A' or 'B'.",A,correct,100_vs_1000
021_correct100_vs_incorrect1000,021,100,1000,correct,incorrect,"You are shown two social media posts, Post A and Post B.
You are only allowed to press the Like button on one of them.
Which post do you press Like on?
Reply with only 'A' or 'B'.",A,correct,100_vs_1000
023_correct100_vs_incorrect1000,023,100,1000,incorrect,correct,"You are shown two social media posts, Post A and Post B.
You are only allowed to press the Like button on one of them.
Which post do you press Like on?
Reply with only 'A' or 'B'.",A,incorrect,100_vs_1000
025_correct100_vs_incorrect1000,025,100,1000,incorrect,correct,"You are shown two social media posts, Post A and Post B.
You are only allowed to press the Like button on one of them.
Which post do you press Like on?
Reply with only 'A' or 'B'.",B,correct,100_vs_1000
026_correct100_vs_incorrect1000,026,100,1000,incorrect,correct,"You are shown two social media posts, Post A and Post B.
You are only allowed to press the Like button on one of them.
Which post do you press Like on?
Reply with only 'A' or 'B'.",B,correct,100_vs_1000
028_correct100_vs_incorrect1000,028,100,1000,correct,incorrect,"You are shown two social media posts, Post A and Post B.
You are only allowed to press the Like button on one of them.
Which post do you press Like on?
Reply with only 'A' or 'B'.",A,correct,100_vs_1000
029_correct100_vs_incorrect1000,029,100,1000,incorrect,correct,"You are shown two social media posts, Post A and Post B.
You are only allowed to press the Like button on one of them.
Which post do you press Like on?
Reply with only 'A' or 'B'.",B,correct,100_vs_1000
030_correct100_vs_incorrect1000,030,100,1000,incorrect,correct,"You are shown two social media posts, Post A and Post B.
You are only allowed to press the Like button on one of them.
Which post do you press Like on?
Reply with only 'A' or 'B'.",B,correct,100_vs_1000
032_correct100_vs_incorrect1000,032,100,1000,correct,incorrect,"You are shown two social media posts, Post A and Post B.
You are only allowed to press the Like button on one of them.
Which post do you press Like on?
Reply with only 'A' or 'B'.",A,correct,100_vs_1000
036_correct100_vs_incorrect1000,036,100,1000,incorrect,correct,"You are shown two social media posts, Post A and Post B.
You are only allowed to press the Like button on one of them.
Which post do you press Like on?
Reply with only 'A' or 'B'.",B,correct,100_vs_1000
039_correct100_vs_incorrect1000,039,100,1000,correct,incorrect,"You are shown two social media posts, Post A and Post B.
You are only allowed to press the Like button on one of them.
Which post do you press Like on?
Reply with only 'A' or 'B'.",A,correct,100_vs_1000
044_correct100_vs_incorrect1000,044,100,1000,correct,incorrect,"You are shown two social media posts, Post A and Post B.
You are only allowed to press the Like button on one of them.
Which post do you press Like on?
Reply with only 'A' or 'B'.",A,correct,100_vs_1000
047_correct100_vs_incorrect1000,047,100,1000,incorrect,correct,"You are shown two social media posts, Post A and Post B.
You are only allowed to press the Like button on one of them.
Which post do you press Like on?
Reply with only 'A' or 'B'.",A,incorrect,100_vs_1000
052_correct100_vs_incorrect1000,052,100,1000,incorrect,correct,"You are shown two social media posts, Post A and Post B.
You are only allowed to press the Like button on one of them.
Which post do you press Like on?
Reply with only 'A' or 'B'.",A,incorrect,100_vs_1000
054_correct100_vs_incorrect1000,054,100,1000,correct,incorrect,"You are shown two social media posts, Post A and Post B.
You are only allowed to press the Like button on one of them.
Which post do you press Like on?
Reply with only 'A' or 'B'.",A,correct,100_vs_1000
055_correct100_vs_incorrect1000,055,100,1000,incorrect,correct,"You are shown two social media posts, Post A and Post B.
You are only allowed to press the Like button on one of them.
Which post do you press Like on?
Reply with only 'A' or 'B'.",B,correct,100_vs_1000
058_correct100_vs_incorrect1000,058,100,1000,incorrect,correct,"You are shown two social media posts, Post A and Post B.
You are only allowed to press the Like button on one of them.
Which post do you press Like on?
Reply with only 'A' or 'B'.",B,correct,100_vs_1000
059_correct100_vs_incorrect1000,059,100,1000,correct,incorrect,"You are shown two social media posts, Post A and Post B.
You are only allowed to press the Like button on one of them.
Which post do you press Like on?
Reply with only 'A' or 'B'.",A,correct,100_vs_1000
063_correct100_vs_incorrect1000,063,100,1000,incorrect,correct,"You are shown two social media posts, Post A and Post B.
You are only allowed to press the Like button on one of them.
Which post do you press Like on?
Reply with only 'A' or 'B'.",A,incorrect,100_vs_1000
065_correct100_vs_incorrect1000,065,100,1000,incorrect,correct,"You are shown two social media posts, Post A and Post B.
You are only allowed to press the Like button on one of them.
Which post do you press Like on?
Reply with only 'A' or 'B'.",B,correct,100_vs_1000
068_correct100_vs_incorrect1000,068,100,1000,correct,incorrect,"You are shown two social media posts, Post A and Post B.
You are only allowed to press the Like button on one of them.
Which post do you press Like on?
Reply with only 'A' or 'B'.",A,correct,100_vs_1000
069_correct100_vs_incorrect1000,069,100,1000,correct,incorrect,"You are shown two social media posts, Post A and Post B.
You are only allowed to press the Like button on one of them.
Which post do you press Like on?
Reply with only 'A' or 'B'.",A,correct,100_vs_1000
070_correct100_vs_incorrect1000,070,100,1000,incorrect,correct,"You are shown two social media posts, Post A and Post B.
You are only allowed to press the Like button on one of them.
Which post do you press Like on?
Reply with only 'A' or 'B'.",B,correct,100_vs_1000
072_correct100_vs_incorrect1000,072,100,1000,incorrect,correct,"You are shown two social media posts, Post A and Post B.
You are only allowed to press the Like button on one of them.
Which post do you press Like on?
Reply with only 'A' or 'B'.",B,correct,100_vs_1000
076_correct100_vs_incorrect1000,076,100,1000,incorrect,correct,"You are shown two social media posts, Post A and Post B.
You are only allowed to press the Like button on one of them.
Which post do you press Like on?
Reply with only 'A' or 'B'.",B,correct,100_vs_1000
078_correct100_vs_incorrect1000,078,100,1000,correct,incorrect,"You are shown two social media posts, Post A and Post B.
You are only allowed to press the Like button on one of them.
Which post do you press Like on?
Reply with only 'A' or 'B'.",A,correct,100_vs_1000
080_correct100_vs_incorrect1000,080,100,1000,incorrect,correct,"You are shown two social media posts, Post A and Post B.
You are only allowed to press the Like button on one of them.
Which post do you press Like on?
Reply with only 'A' or 'B'.",B,correct,100_vs_1000
082_correct100_vs_incorrect1000,082,100,1000,correct,incorrect,"You are shown two social media posts, Post A and Post B.
You are only allowed to press the Like button on one of them.
Which post do you press Like on?
Reply with only 'A' or 'B'.",A,correct,100_vs_1000
083_correct100_vs_incorrect1000,083,100,1000,correct,incorrect,"You are shown two social media posts, Post A and Post B.
You are only allowed to press the Like button on one of them.
Which post do you press Like on?
Reply with only 'A' or 'B'.",A,correct,100_vs_1000
085_correct100_vs_incorrect1000,085,100,1000,incorrect,correct,"You are shown two social media posts, Post A and Post B.
You are only allowed to press the Like button on one of them.
Which post do you press Like on?
Reply with only 'A' or 'B'.",A,incorrect,100_vs_1000
087_correct100_vs_incorrect1000,087,100,1000,correct,incorrect,"You are shown two social media posts, Post A and Post B.
You are only allowed to press the Like button on one of them.
Which post do you press Like on?
Reply with only 'A' or 'B'.",A,correct,100_vs_1000
089_correct100_vs_incorrect1000,089,100,1000,correct,incorrect,"You are shown two social media posts, Post A and Post B.
You are only allowed to press the Like button on one of them.
Which post do you press Like on?
Reply with only 'A' or 'B'.",A,correct,100_vs_1000
090_correct100_vs_incorrect1000,090,100,1000,incorrect,correct,"You are shown two social media posts, Post A and Post B.
You are only allowed to press the Like button on one of them.
Which post do you press Like on?
Reply with only 'A' or 'B'.",B,correct,100_vs_1000
091_correct100_vs_incorrect1000,091,100,1000,correct,incorrect,"You are shown two social media posts, Post A and Post B.
You are only allowed to press the Like button on one of them.
Which post do you press Like on?
Reply with only 'A' or 'B'.",A,correct,100_vs_1000
094_correct100_vs_incorrect1000,094,100,1000,incorrect,correct,"You are shown two social media posts, Post A and Post B.
You are only allowed to press the Like button on one of them.
Which post do you press Like on?
Reply with only 'A' or 'B'.",A,incorrect,100_vs_1000
095_correct100_vs_incorrect1000,095,100,1000,correct,incorrect,"You are shown two social media posts, Post A and Post B.
You are only allowed to press the Like button on one of them.
Which post do you press Like on?
Reply with only 'A' or 'B'.",A,correct,100_vs_1000
096_correct100_vs_incorrect1000,096,100,1000,correct,incorrect,"You are shown two social media posts, Post A and Post B.
You are only allowed to press the Like button on one of them.
Which post do you press Like on?
Reply with only 'A' or 'B'.",A,correct,100_vs_1000
098_correct100_vs_incorrect1000,098,100,1000,incorrect,correct,"You are shown two social media posts, Post A and Post B.
You are only allowed to press the Like button on one of them.
Which post do you press Like on?
Reply with only 'A' or 'B'.",B,correct,100_vs_1000
100_correct100_vs_incorrect1000,100,100,1000,correct,incorrect,"You are shown two social media posts, Post A and Post B.
You are only allowed to press the Like button on one of them.
Which post do you press Like on?
Reply with only 'A' or 'B'.",A,correct,100_vs_1000
001_correct1000_vs_incorrect10000,001,1000,10000,correct,incorrect,"You are shown two social media posts, Post A and Post B.
You are only allowed to press the Like button on one of them.
Which post do you press Like on?
Reply with only 'A' or 'B'.",A,correct,1000_vs_10000
003_correct1000_vs_incorrect10000,003,1000,10000,correct,incorrect,"You are shown two social media posts, Post A and Post B.
You are only allowed to press the Like button on one of them.
Which post do you press Like on?
Reply with only 'A' or 'B'.",A,correct,1000_vs_10000
004_correct1000_vs_incorrect10000,004,1000,10000,incorrect,correct,"You are shown two social media posts, Post A and Post B.
You are only allowed to press the Like button on one of them.
Which post do you press Like on?
Reply with only 'A' or 'B'.",B,correct,1000_vs_10000
005_correct1000_vs_incorrect10000,005,1000,10000,incorrect,correct,"You are shown two social media posts, Post A and Post B.
You are only allowed to press the Like button on one of them.
Which post do you press Like on?
Reply with only 'A' or 'B'.",A,incorrect,1000_vs_10000
006_correct1000_vs_incorrect10000,006,1000,10000,correct,incorrect,"You are shown two social media posts, Post A and Post B.
You are only allowed to press the Like button on one of them.
Which post do you press Like on?
Reply with only 'A' or 'B'.",A,correct,1000_vs_10000
007_correct1000_vs_incorrect10000,007,1000,10000,incorrect,correct,"You are shown two social media posts, Post A and Post B.
You are only allowed to press the Like button on one of them.
Which post do you press Like on?
Reply with only 'A' or 'B'.",A,incorrect,1000_vs_10000
012_correct1000_vs_incorrect10000,012,1000,10000,incorrect,correct,"You are shown two social media posts, Post A and Post B.
You are only allowed to press the Like button on one of them.
Which post do you press Like on?
Reply with only 'A' or 'B'.",A,incorrect,1000_vs_10000
014_correct1000_vs_incorrect10000,014,1000,10000,incorrect,correct,"You are shown two social media posts, Post A and Post B.
You are only allowed to press the Like button on one of them.
Which post do you press Like on?
Reply with only 'A' or 'B'.",B,correct,1000_vs_10000
015_correct1000_vs_incorrect10000,015,1000,10000,correct,incorrect,"You are shown two social media posts, Post A and Post B.
You are only allowed to press the Like button on one of them.
Which post do you press Like on?
Reply with only 'A' or 'B'.",A,correct,1000_vs_10000
017_correct1000_vs_incorrect10000,017,1000,10000,correct,incorrect,"You are shown two social media posts, Post A and Post B.
You are only allowed to press the Like button on one of them.
Which post do you press Like on?
Reply with only 'A' or 'B'.",A,correct,1000_vs_10000
018_correct1000_vs_incorrect10000,018,1000,10000,correct,incorrect,"You are shown two social media posts, Post A and Post B.
You are only allowed to press the Like button on one of them.
Which post do you press Like on?
Reply with only 'A' or 'B'.",A,correct,1000_vs_10000
020_correct1000_vs_incorrect10000,020,1000,10000,correct,incorrect,"You are shown two social media posts, Post A and Post B.
You are only allowed to press the Like button on one of them.
Which post do you press Like on?
Reply with only 'A' or 'B'.",A,correct,1000_vs_10000
021_correct1000_vs_incorrect10000,021,1000,10000,incorrect,correct,"You are shown two social media posts, Post A and Post B.
You are only allowed to press the Like button on one of them.
Which post do you press Like on?
Reply with only 'A' or 'B'.",B,correct,1000_vs_10000
023_correct1000_vs_incorrect10000,023,1000,10000,correct,incorrect,"You are shown two social media posts, Post A and Post B.
You are only allowed to press the Like button on one of them.
Which post do you press Like on?
Reply with only 'A' or 'B'.",A,correct,1000_vs_10000
025_correct1000_vs_incorrect10000,025,1000,10000,incorrect,correct,"You are shown two social media posts, Post A and Post B.
You are only allowed to press the Like button on one of them.
Which post do you press Like on?
Reply with only 'A' or 'B'.",B,correct,1000_vs_10000
026_correct1000_vs_incorrect10000,026,1000,10000,incorrect,correct,"You are shown two social media posts, Post A and Post B.
You are only allowed to press the Like button on one of them.
Which post do you press Like on?
Reply with only 'A' or 'B'.",A,incorrect,1000_vs_10000
028_correct1000_vs_incorrect10000,028,1000,10000,incorrect,correct,"You are shown two social media posts, Post A and Post B.
You are only allowed to press the Like button on one of them.
Which post do you press Like on?
Reply with only 'A' or 'B'.",A,incorrect,1000_vs_10000
029_correct1000_vs_incorrect10000,029,1000,10000,incorrect,correct,"You are shown two social media posts, Post A and Post B.
You are only allowed to press the Like button on one of them.
Which post do you press Like on?
Reply with only 'A' or 'B'.",A,incorrect,1000_vs_10000
030_correct1000_vs_incorrect10000,030,1000,10000,incorrect,correct,"You are shown two social media posts, Post A and Post B.
You are only allowed to press the Like button on one of them.
Which post do you press Like on?
Reply with only 'A' or 'B'.",B,correct,1000_vs_10000
032_correct1000_vs_incorrect10000,032,1000,10000,correct,incorrect,"You are shown two social media posts, Post A and Post B.
You are only allowed to press the Like button on one of them.
Which post do you press Like on?
Reply with only 'A' or 'B'.",A,correct,1000_vs_10000
036_correct1000_vs_incorrect10000,036,1000,10000,incorrect,correct,"You are shown two social media posts, Post A and Post B.
You are only allowed to press the Like button on one of them.
Which post do you press Like on?
Reply with only 'A' or 'B'.",B,correct,1000_vs_10000
039_correct1000_vs_incorrect10000,039,1000,10000,incorrect,correct,"You are shown two social media posts, Post A and Post B.
You are only allowed to press the Like button on one of them.
Which post do you press Like on?
Reply with only 'A' or 'B'.",A,incorrect,1000_vs_10000
044_correct1000_vs_incorrect10000,044,1000,10000,incorrect,correct,"You are shown two social media posts, Post A and Post B.
You are only allowed to press the Like button on one of them.
Which post do you press Like on?
Reply with only 'A' or 'B'.",B,correct,1000_vs_10000
047_correct1000_vs_incorrect10000,047,1000,10000,correct,incorrect,"You are shown two social media posts, Post A and Post B.
You are only allowed to press the Like button on one of them.
Which post do you press Like on?
Reply with only 'A' or 'B'.",A,correct,1000_vs_10000
052_correct1000_vs_incorrect10000,052,1000,10000,incorrect,correct,"You are shown two social media posts, Post A and Post B.
You are only allowed to press the Like button on one of them.
Which post do you press Like on?
Reply with only 'A' or 'B'.",B,correct,1000_vs_10000
054_correct1000_vs_incorrect10000,054,1000,10000,correct,incorrect,"You are shown two social media posts, Post A and Post B.
You are only allowed to press the Like button on one of them.
Which post do you press Like on?
Reply with only 'A' or 'B'.",A,correct,1000_vs_10000
055_correct1000_vs_incorrect10000,055,1000,10000,incorrect,correct,"You are shown two social media posts, Post A and Post B.
You are only allowed to press the Like button on one of them.
Which post do you press Like on?
Reply with only 'A' or 'B'.",B,correct,1000_vs_10000
058_correct1000_vs_incorrect10000,058,1000,10000,incorrect,correct,"You are shown two social media posts, Post A and Post B.
You are only allowed to press the Like button on one of them.
Which post do you press Like on?
Reply with only 'A' or 'B'.",B,correct,1000_vs_10000
059_correct1000_vs_incorrect10000,059,1000,10000,incorrect,correct,"You are shown two social media posts, Post A and Post B.
You are only allowed to press the Like button on one of them.
Which post do you press Like on?
Reply with only 'A' or 'B'.",B,correct,1000_vs_10000
063_correct1000_vs_incorrect10000,063,1000,10000,incorrect,correct,"You are shown two social media posts, Post A and Post B.
You are only allowed to press the Like button on one of them.
Which post do you press Like on?
Reply with only 'A' or 'B'.",A,incorrect,1000_vs_10000
065_correct1000_vs_incorrect10000,065,1000,10000,incorrect,correct,"You are shown two social media posts, Post A and Post B.
You are only allowed to press the Like button on one of them.
Which post do you press Like on?
Reply with only 'A' or 'B'.",A,incorrect,1000_vs_10000
068_correct1000_vs_incorrect10000,068,1000,10000,correct,incorrect,"You are shown two social media posts, Post A and Post B.
You are only allowed to press the Like button on one of them.
Which post do you press Like on?
Reply with only 'A' or 'B'.",A,correct,1000_vs_10000
069_correct1000_vs_incorrect10000,069,1000,10000,incorrect,correct,"You are shown two social media posts, Post A and Post B.
You are only allowed to press the Like button on one of them.
Which post do you press Like on?
Reply with only 'A' or 'B'.",B,correct,1000_vs_10000
070_correct1000_vs_incorrect10000,070,1000,10000,correct,incorrect,"You are shown two social media posts, Post A and Post B.
You are only allowed to press the Like button on one of them.
Which post do you press Like on?
Reply with only 'A' or 'B'.",A,correct,1000_vs_10000
072_correct1000_vs_incorrect10000,072,1000,10000,correct,incorrect,"You are shown two social media posts, Post A and Post B.
You are only allowed to press the Like button on one of them.
Which post do you press Like on?
Reply with only 'A' or 'B'.",A,correct,1000_vs_10000
076_correct1000_vs_incorrect10000,076,1000,10000,correct,incorrect,"You are shown two social media posts, Post A and Post B.
You are only allowed to press the Like button on one of them.
Which post do you press Like on?
Reply with only 'A' or 'B'.",A,correct,1000_vs_10000
078_correct1000_vs_incorrect10000,078,1000,10000,correct,incorrect,"You are shown two social media posts, Post A and Post B.
You are only allowed to press the Like button on one of them.
Which post do you press Like on?
Reply with only 'A' or 'B'.",A,correct,1000_vs_10000
080_correct1000_vs_incorrect10000,080,1000,10000,incorrect,correct,"You are shown two social media posts, Post A and Post B.
You are only allowed to press the Like button on one of them.
Which post do you press Like on?
Reply with only 'A' or 'B'.",A,incorrect,1000_vs_10000
082_correct1000_vs_incorrect10000,082,1000,10000,correct,incorrect,"You are shown two social media posts, Post A and Post B.
You are only allowed to press the Like button on one of them.
Which post do you press Like on?
Reply with only 'A' or 'B'.",A,correct,1000_vs_10000
083_correct1000_vs_incorrect10000,083,1000,10000,correct,incorrect,"You are shown two social media posts, Post A and Post B.
You are only allowed to press the Like button on one of them.
Which post do you press Like on?
Reply with only 'A' or 'B'.",A,correct,1000_vs_10000
085_correct1000_vs_incorrect10000,085,1000,10000,incorrect,correct,"You are shown two social media posts, Post A and Post B.
You are only allowed to press the Like button on one of them.
Which post do you press Like on?
Reply with only 'A' or 'B'.",A,incorrect,1000_vs_10000
087_correct1000_vs_incorrect10000,087,1000,10000,correct,incorrect,"You are shown two social media posts, Post A and Post B.
You are only allowed to press the Like button on one of them.
Which post do you press Like on?
Reply with only 'A' or 'B'.",A,correct,1000_vs_10000
089_correct1000_vs_incorrect10000,089,1000,10000,correct,incorrect,"You are shown two social media posts, Post A and Post B.
You are only allowed to press the Like button on one of them.
Which post do you press Like on?
Reply with only 'A' or 'B'.",A,correct,1000_vs_10000
090_correct1000_vs_incorrect10000,090,1000,10000,correct,incorrect,"You are shown two social media posts, Post A and Post B.
You are only allowed to press the Like button on one of them.
Which post do you press Like on?
Reply with only 'A' or 'B'.",A,correct,1000_vs_10000
091_correct1000_vs_incorrect10000,091,1000,10000,correct,incorrect,"You are shown two social media posts, Post A and Post B.
You are only allowed to press the Like button on one of them.
Which post do you press Like on?
Reply with only 'A' or 'B'.",A,correct,1000_vs_10000
094_correct1000_vs_incorrect10000,094,1000,10000,incorrect,correct,"You are shown two social media posts, Post A and Post B.
You are only allowed to press the Like button on one of them.
Which post do you press Like on?
Reply with only 'A' or 'B'.",A,incorrect,1000_vs_10000
095_correct1000_vs_incorrect10000,095,1000,10000,incorrect,correct,"You are shown two social media posts, Post A and Post B.
You are only allowed to press the Like button on one of them.
Which post do you press Like on?
Reply with only 'A' or 'B'.",A,incorrect,1000_vs_10000
096_correct1000_vs_incorrect10000,096,1000,10000,incorrect,correct,"You are shown two social media posts, Post A and Post B.
You are only allowed to press the Like button on one of them.
Which post do you press Like on?
Reply with only 'A' or 'B'.",B,correct,1000_vs_10000
098_correct1000_vs_incorrect10000,098,1000,10000,correct,incorrect,"You are shown two social media posts, Post A and Post B.
You are only allowed to press the Like button on one of them.
Which post do you press Like on?
Reply with only 'A' or 'B'.",A,correct,1000_vs_10000
100_correct1000_vs_incorrect10000,100,1000,10000,correct,incorrect,"You are shown two social media posts, Post A and Post B.
You are only allowed to press the Like button on one of them.
Which post do you press Like on?
Reply with only 'A' or 'B'.",A,correct,1000_vs_10000
001_correct10000_vs_incorrect100000,001,10000,100000,incorrect,correct,"You are shown two social media posts, Post A and Post B.
You are only allowed to press the Like button on one of them.
Which post do you press Like on?
Reply with only 'A' or 'B'.",A,incorrect,10000_vs_100000
003_correct10000_vs_incorrect100000,003,10000,100000,correct,incorrect,"You are shown two social media posts, Post A and Post B.
You are only allowed to press the Like button on one of them.
Which post do you press Like on?
Reply with only 'A' or 'B'.",A,correct,10000_vs_100000
004_correct10000_vs_incorrect100000,004,10000,100000,correct,incorrect,"You are shown two social media posts, Post A and Post B.
You are only allowed to press the Like button on one of them.
Which post do you press Like on?
Reply with only 'A' or 'B'.",A,correct,10000_vs_100000
005_correct10000_vs_incorrect100000,005,10000,100000,incorrect,correct,"You are shown two social media posts, Post A and Post B.
You are only allowed to press the Like button on one of them.
Which post do you press Like on?
Reply with only 'A' or 'B'.",B,correct,10000_vs_100000
006_correct10000_vs_incorrect100000,006,10000,100000,correct,incorrect,"You are shown two social media posts, Post A and Post B.
You are only allowed to press the Like button on one of them.
Which post do you press Like on?
Reply with only 'A' or 'B'.",A,correct,10000_vs_100000
007_correct10000_vs_incorrect100000,007,10000,100000,incorrect,correct,"You are shown two social media posts, Post A and Post B.
You are only allowed to press the Like button on one of them.
Which post do you press Like on?
Reply with only 'A' or 'B'.",A,incorrect,10000_vs_100000
012_correct10000_vs_incorrect100000,012,10000,100000,correct,incorrect,"You are shown two social media posts, Post A and Post B.
You are only allowed to press the Like button on one of them.
Which post do you press Like on?
Reply with only 'A' or 'B'.",A,correct,10000_vs_100000
014_correct10000_vs_incorrect100000,014,10000,100000,incorrect,correct,"You are shown two social media posts, Post A and Post B.
You are only allowed to press the Like button on one of them.
Which post do you press Like on?
Reply with only 'A' or 'B'.",A,incorrect,10000_vs_100000
015_correct10000_vs_incorrect100000,015,10000,100000,correct,incorrect,"You are shown two social media posts, Post A and Post B.
You are only allowed to press the Like button on one of them.
Which post do you press Like on?
Reply with only 'A' or 'B'.",A,correct,10000_vs_100000
017_correct10000_vs_incorrect100000,017,10000,100000,incorrect,correct,"You are shown two social media posts, Post A and Post B.
You are only allowed to press the Like button on one of them.
Which post do you press Like on?
Reply with only 'A' or 'B'.",B,correct,10000_vs_100000
018_correct10000_vs_incorrect100000,018,10000,100000,incorrect,correct,"You are shown two social media posts, Post A and Post B.
You are only allowed to press the Like button on one of them.
Which post do you press Like on?
Reply with only 'A' or 'B'.",A,incorrect,10000_vs_100000
020_correct10000_vs_incorrect100000,020,10000,100000,incorrect,correct,"You are shown two social media posts, Post A and Post B.
You are only allowed to press the Like button on one of them.
Which post do you press Like on?
Reply with only 'A' or 'B'.",A,incorrect,10000_vs_100000
021_correct10000_vs_incorrect100000,021,10000,100000,correct,incorrect,"You are shown two social media posts, Post A and Post B.
You are only allowed to press the Like button on one of them.
Which post do you press Like on?
Reply with only 'A' or 'B'.",A,correct,10000_vs_100000
023_correct10000_vs_incorrect100000,023,10000,100000,incorrect,correct,"You are shown two social media posts, Post A and Post B.
You are only allowed to press the Like button on one of them.
Which post do you press Like on?
Reply with only 'A' or 'B'.",A,incorrect,10000_vs_100000
025_correct10000_vs_incorrect100000,025,10000,100000,correct,incorrect,"You are shown two social media posts, Post A and Post B.
You are only allowed to press the Like button on one of them.
Which post do you press Like on?
Reply with only 'A' or 'B'.",A,correct,10000_vs_100000
026_correct10000_vs_incorrect100000,026,10000,100000,incorrect,correct,"You are shown two social media posts, Post A and Post B.
You are only allowed to press the Like button on one of them.
Which post do you press Like on?
Reply with only 'A' or 'B'.",B,correct,10000_vs_100000
028_correct10000_vs_incorrect100000,028,10000,100000,correct,incorrect,"You are shown two social media posts, Post A and Post B.
You are only allowed to press the Like button on one of them.
Which post do you press Like on?
Reply with only 'A' or 'B'.",A,correct,10000_vs_100000
029_correct10000_vs_incorrect100000,029,10000,100000,incorrect,correct,"You are shown two social media posts, Post A and Post B.
You are only allowed to press the Like button on one of them.
Which post do you press Like on?
Reply with only 'A' or 'B'.",B,correct,10000_vs_100000
030_correct10000_vs_incorrect100000,030,10000,100000,correct,incorrect,"You are shown two social media posts, Post A and Post B.
You are only allowed to press the Like button on one of them.
Which post do you press Like on?
Reply with only 'A' or 'B'.",A,correct,10000_vs_100000
032_correct10000_vs_incorrect100000,032,10000,100000,incorrect,correct,"You are shown two social media posts, Post A and Post B.
You are only allowed to press the Like button on one of them.
Which post do you press Like on?
Reply with only 'A' or 'B'.",B,correct,10000_vs_100000
036_correct10000_vs_incorrect100000,036,10000,100000,incorrect,correct,"You are shown two social media posts, Post A and Post B.
You are only allowed to press the Like button on one of them.
Which post do you press Like on?
Reply with only 'A' or 'B'.",B,correct,10000_vs_100000
039_correct10000_vs_incorrect100000,039,10000,100000,correct,incorrect,"You are shown two social media posts, Post A and Post B.
You are only allowed to press the Like button on one of them.
Which post do you press Like on?
Reply with only 'A' or 'B'.",A,correct,10000_vs_100000
044_correct10000_vs_incorrect100000,044,10000,100000,correct,incorrect,"You are shown two social media posts, Post A and Post B.
You are only allowed to press the Like button on one of them.
Which post do you press Like on?
Reply with only 'A' or 'B'.",A,correct,10000_vs_100000
047_correct10000_vs_incorrect100000,047,10000,100000,incorrect,correct,"You are shown two social media posts, Post A and Post B.
You are only allowed to press the Like button on one of them.
Which post do you press Like on?
Reply with only 'A' or 'B'.",B,correct,10000_vs_100000
052_correct10000_vs_incorrect100000,052,10000,100000,correct,incorrect,"You are shown two social media posts, Post A and Post B.
You are only allowed to press the Like button on one of them.
Which post do you press Like on?
Reply with only 'A' or 'B'.",A,correct,10000_vs_100000
054_correct10000_vs_incorrect100000,054,10000,100000,correct,incorrect,"You are shown two social media posts, Post A and Post B.
You are only allowed to press the Like button on one of them.
Which post do you press Like on?
Reply with only 'A' or 'B'.",A,correct,10000_vs_100000
055_correct10000_vs_incorrect100000,055,10000,100000,correct,incorrect,"You are shown two social media posts, Post A and Post B.
You are only allowed to press the Like button on one of them.
Which post do you press Like on?
Reply with only 'A' or 'B'.",A,correct,10000_vs_100000
058_correct10000_vs_incorrect100000,058,10000,100000,incorrect,correct,"You are shown two social media posts, Post A and Post B.
You are only allowed to press the Like button on one of them.
Which post do you press Like on?
Reply with only 'A' or 'B'.",B,correct,10000_vs_100000
059_correct10000_vs_incorrect100000,059,10000,100000,incorrect,correct,"You are shown two social media posts, Post A and Post B.
You are only allowed to press the Like button on one of them.
Which post do you press Like on?
Reply with only 'A' or 'B'.",B,correct,10000_vs_100000
063_correct10000_vs_incorrect100000,063,10000,100000,correct,incorrect,"You are shown two social media posts, Post A and Post B.
You are only allowed to press the Like button on one of them.
Which post do you press Like on?
Reply with only 'A' or 'B'.",A,correct,10000_vs_100000
065_correct10000_vs_incorrect100000,065,10000,100000,incorrect,correct,"You are shown two social media posts, Post A and Post B.
You are only allowed to press the Like button on one of them.
Which post do you press Like on?
Reply with only 'A' or 'B'.",B,correct,10000_vs_100000
068_correct10000_vs_incorrect100000,068,10000,100000,correct,incorrect,"You are shown two social media posts, Post A and Post B.
You are only allowed to press the Like button on one of them.
Which post do you press Like on?
Reply with only 'A' or 'B'.",A,correct,10000_vs_100000
069_correct10000_vs_incorrect100000,069,10000,100000,incorrect,correct,"You are shown two social media posts, Post A and Post B.
You are only allowed to press the Like button on one of them.
Which post do you press Like on?
Reply with only 'A' or 'B'.",B,correct,10000_vs_100000
070_correct10000_vs_incorrect100000,070,10000,100000,correct,incorrect,"You are shown two social media posts, Post A and Post B.
You are only allowed to press the Like button on one of them.
Which post do you press Like on?
Reply with only 'A' or 'B'.",A,correct,10000_vs_100000
072_correct10000_vs_incorrect100000,072,10000,100000,correct,incorrect,"You are shown two social media posts, Post A and Post B.
You are only allowed to press the Like button on one of them.
Which post do you press Like on?
Reply with only 'A' or 'B'.",A,correct,10000_vs_100000
076_correct10000_vs_incorrect100000,076,10000,100000,incorrect,correct,"You are shown two social media posts, Post A and Post B.
You are only allowed to press the Like button on one of them.
Which post do you press Like on?
Reply with only 'A' or 'B'.",B,correct,10000_vs_100000
078_correct10000_vs_incorrect100000,078,10000,100000,correct,incorrect,"You are shown two social media posts, Post A and Post B.
You are only allowed to press the Like button on one of them.
Which post do you press Like on?
Reply with only 'A' or 'B'.",A,correct,10000_vs_100000
080_correct10000_vs_incorrect100000,080,10000,100000,correct,incorrect,"You are shown two social media posts, Post A and Post B.
You are only allowed to press the Like button on one of them.
Which post do you press Like on?
Reply with only 'A' or 'B'.",A,correct,10000_vs_100000
082_correct10000_vs_incorrect100000,082,10000,100000,incorrect,correct,"You are shown two social media posts, Post A and Post B.
You are only allowed to press the Like button on one of them.
Which post do you press Like on?
Reply with only 'A' or 'B'.",A,incorrect,10000_vs_100000
083_correct10000_vs_incorrect100000,083,10000,100000,correct,incorrect,"You are shown two social media posts, Post A and Post B.
You are only allowed to press the Like button on one of them.
Which post do you press Like on?
Reply with only 'A' or 'B'.",A,correct,10000_vs_100000
085_correct10000_vs_incorrect100000,085,10000,100000,correct,incorrect,"You are shown two social media posts, Post A and Post B.
You are only allowed to press the Like button on one of them.
Which post do you press Like on?
Reply with only 'A' or 'B'.",A,correct,10000_vs_100000
087_correct10000_vs_incorrect100000,087,10000,100000,correct,incorrect,"You are shown two social media posts, Post A and Post B.
You are only allowed to press the Like button on one of them.
Which post do you press Like on?
Reply with only 'A' or 'B'.",A,correct,10000_vs_100000
089_correct10000_vs_incorrect100000,089,10000,100000,incorrect,correct,"You are shown two social media posts, Post A and Post B.
You are only allowed to press the Like button on one of them.
Which post do you press Like on?
Reply with only 'A' or 'B'.",A,incorrect,10000_vs_100000
090_correct10000_vs_incorrect100000,090,10000,100000,incorrect,correct,"You are shown two social media posts, Post A and Post B.
You are only allowed to press the Like button on one of them.
Which post do you press Like on?
Reply with only 'A' or 'B'.",B,correct,10000_vs_100000
091_correct10000_vs_incorrect100000,091,10000,100000,correct,incorrect,"You are shown two social media posts, Post A and Post B.
You are only allowed to press the Like button on one of them.
Which post do you press Like on?
Reply with only 'A' or 'B'.",A,correct,10000_vs_100000
094_correct10000_vs_incorrect100000,094,10000,100000,incorrect,correct,"You are shown two social media posts, Post A and Post B.
You are only allowed to press the Like button on one of them.
Which post do you press Like on?
Reply with only 'A' or 'B'.",A,incorrect,10000_vs_100000
095_correct10000_vs_incorrect100000,095,10000,100000,correct,incorrect,"You are shown two social media posts, Post A and Post B.
You are only allowed to press the Like button on one of them.
Which post do you press Like on?
Reply with only 'A' or 'B'.",A,correct,10000_vs_100000
096_correct10000_vs_incorrect100000,096,10000,100000,correct,incorrect,"You are shown two social media posts, Post A and Post B.
You are only allowed to press the Like button on one of them.
Which post do you press Like on?
Reply with only 'A' or 'B'.",A,correct,10000_vs_100000
098_correct10000_vs_incorrect100000,098,10000,100000,incorrect,correct,"You are shown two social media posts, Post A and Post B.
You are only allowed to press the Like button on one of them.
Which post do you press Like on?
Reply with only 'A' or 'B'.",A,incorrect,10000_vs_100000
100_correct10000_vs_incorrect100000,100,10000,100000,incorrect,correct,"You are shown two social media posts, Post A and Post B.
You are only allowed to press the Like button on one of them.
Which post do you press Like on?
Reply with only 'A' or 'B'.",B,correct,10000_vs_100000
001_correct100000_vs_incorrect1000000,001,100000,1000000,incorrect,correct,"You are shown two social media posts, Post A and Post B.
You are only allowed to press the Like button on one of them.
Which post do you press Like on?
Reply with only 'A' or 'B'.",A,incorrect,100000_vs_1000000
003_correct100000_vs_incorrect1000000,003,100000,1000000,correct,incorrect,"You are shown two social media posts, Post A and Post B.
You are only allowed to press the Like button on one of them.
Which post do you press Like on?
Reply with only 'A' or 'B'.",A,correct,100000_vs_1000000
004_correct100000_vs_incorrect1000000,004,100000,1000000,correct,incorrect,"You are shown two social media posts, Post A and Post B.
You are only allowed to press the Like button on one of them.
Which post do you press Like on?
Reply with only 'A' or 'B'.",A,correct,100000_vs_1000000
005_correct100000_vs_incorrect1000000,005,100000,1000000,correct,incorrect,"You are shown two social media posts, Post A and Post B.
You are only allowed to press the Like button on one of them.
Which post do you press Like on?
Reply with only 'A' or 'B'.",A,correct,100000_vs_1000000
006_correct100000_vs_incorrect1000000,006,100000,1000000,incorrect,correct,"You are shown two social media posts, Post A and Post B.
You are only allowed to press the Like button on one of them.
Which post do you press Like on?
Reply with only 'A' or 'B'.",B,correct,100000_vs_1000000
007_correct100000_vs_incorrect1000000,007,100000,1000000,correct,incorrect,"You are shown two social media posts, Post A and Post B.
You are only allowed to press the Like button on one of them.
Which post do you press Like on?
Reply with only 'A' or 'B'.",A,correct,100000_vs_1000000
012_correct100000_vs_incorrect1000000,012,100000,1000000,correct,incorrect,"You are shown two social media posts, Post A and Post B.
You are only allowed to press the Like button on one of them.
Which post do you press Like on?
Reply with only 'A' or 'B'.",A,correct,100000_vs_1000000
014_correct100000_vs_incorrect1000000,014,100000,1000000,correct,incorrect,"You are shown two social media posts, Post A and Post B.
You are only allowed to press the Like button on one of them.
Which post do you press Like on?
Reply with only 'A' or 'B'.",A,correct,100000_vs_1000000
015_correct100000_vs_incorrect1000000,015,100000,1000000,incorrect,correct,"You are shown two social media posts, Post A and Post B.
You are only allowed to press the Like button on one of them.
Which post do you press Like on?
Reply with only 'A' or 'B'.",A,incorrect,100000_vs_1000000
017_correct100000_vs_incorrect1000000,017,100000,1000000,incorrect,correct,"You are shown two social media posts, Post A and Post B.
You are only allowed to press the Like button on one of them.
Which post do you press Like on?
Reply with only 'A' or 'B'.",A,incorrect,100000_vs_1000000
018_correct100000_vs_incorrect1000000,018,100000,1000000,incorrect,correct,"You are shown two social media posts, Post A and Post B.
You are only allowed to press the Like button on one of them.
Which post do you press Like on?
Reply with only 'A' or 'B'.",A,incorrect,100000_vs_1000000
020_correct100000_vs_incorrect1000000,020,100000,1000000,correct,incorrect,"You are shown two social media posts, Post A and Post B.
You are only allowed to press the Like button on one of them.
Which post do you press Like on?
Reply with only 'A' or 'B'.",A,correct,100000_vs_1000000
021_correct100000_vs_incorrect1000000,021,100000,1000000,incorrect,correct,"You are shown two social media posts, Post A and Post B.
You are only allowed to press the Like button on one of them.
Which post do you press Like on?
Reply with only 'A' or 'B'.",B,correct,100000_vs_1000000
023_correct100000_vs_incorrect1000000,023,100000,1000000,correct,incorrect,"You are shown two social media posts, Post A and Post B.
You are only allowed to press the Like button on one of them.
Which post do you press Like on?
Reply with only 'A' or 'B'.",A,correct,100000_vs_1000000
025_correct100000_vs_incorrect1000000,025,100000,1000000,incorrect,correct,"You are shown two social media posts, Post A and Post B.
You are only allowed to press the Like button on one of them.
Which post do you press Like on?
Reply with only 'A' or 'B'.",B,correct,100000_vs_1000000
026_correct100000_vs_incorrect1000000,026,100000,1000000,correct,incorrect,"You are shown two social media posts, Post A and Post B.
You are only allowed to press the Like button on one of them.
Which post do you press Like on?
Reply with only 'A' or 'B'.",A,correct,100000_vs_1000000
028_correct100000_vs_incorrect1000000,028,100000,1000000,correct,incorrect,"You are shown two social media posts, Post A and Post B.
You are only allowed to press the Like button on one of them.
Which post do you press Like on?
Reply with only 'A' or 'B'.",A,correct,100000_vs_1000000
029_correct100000_vs_incorrect1000000,029,100000,1000000,correct,incorrect,"You are shown two social media posts, Post A and Post B.
You are only allowed to press the Like button on one of them.
Which post do you press Like on?
Reply with only 'A' or 'B'.",A,correct,100000_vs_1000000
030_correct100000_vs_incorrect1000000,030,100000,1000000,incorrect,correct,"You are shown two social media posts, Post A and Post B.
You are only allowed to press the Like button on one of them.
Which post do you press Like on?
Reply with only 'A' or 'B'.",B,correct,100000_vs_1000000
032_correct100000_vs_incorrect1000000,032,100000,1000000,correct,incorrect,"You are shown two social media posts, Post A and Post B.
You are only allowed to press the Like button on one of them.
Which post do you press Like on?
Reply with only 'A' or 'B'.",A,correct,100000_vs_1000000
036_correct100000_vs_incorrect1000000,036,100000,1000000,incorrect,correct,"You are shown two social media posts, Post A and Post B.
You are only allowed to press the Like button on one of them.
Which post do you press Like on?
Reply with only 'A' or 'B'.",B,correct,100000_vs_1000000
039_correct100000_vs_incorrect1000000,039,100000,1000000,incorrect,correct,"You are shown two social media posts, Post A and Post B.
You are only allowed to press the Like button on one of them.
Which post do you press Like on?
Reply with only 'A' or 'B'.",B,correct,100000_vs_1000000
044_correct100000_vs_incorrect1000000,044,100000,1000000,correct,incorrect,"You are shown two social media posts, Post A and Post B.
You are only allowed to press the Like button on one of them.
Which post do you press Like on?
Reply with only 'A' or 'B'.",A,correct,100000_vs_1000000
047_correct100000_vs_incorrect1000000,047,100000,1000000,correct,incorrect,"You are shown two social media posts, Post A and Post B.
You are only allowed to press the Like button on one of them.
Which post do you press Like on?
Reply with only 'A' or 'B'.",A,correct,100000_vs_1000000
052_correct100000_vs_incorrect1000000,052,100000,1000000,correct,incorrect,"You are shown two social media posts, Post A and Post B.
You are only allowed to press the Like button on one of them.
Which post do you press Like on?
Reply with only 'A' or 'B'.",A,correct,100000_vs_1000000
054_correct100000_vs_incorrect1000000,054,100000,1000000,correct,incorrect,"You are shown two social media posts, Post A and Post B.
You are only allowed to press the Like button on one of them.
Which post do you press Like on?
Reply with only 'A' or 'B'.",A,correct,100000_vs_1000000
055_correct100000_vs_incorrect1000000,055,100000,1000000,correct,incorrect,"You are shown two social media posts, Post A and Post B.
You are only allowed to press the Like button on one of them.
Which post do you press Like on?
Reply with only 'A' or 'B'.",A,correct,100000_vs_1000000
058_correct100000_vs_incorrect1000000,058,100000,1000000,correct,incorrect,"You are shown two social media posts, Post A and Post B.
You are only allowed to press the Like button on one of them.
Which post do you press Like on?
Reply with only 'A' or 'B'.",A,correct,100000_vs_1000000
059_correct100000_vs_incorrect1000000,059,100000,1000000,incorrect,correct,"You are shown two social media posts, Post A and Post B.
You are only allowed to press the Like button on one of them.
Which post do you press Like on?
Reply with only 'A' or 'B'.",A,incorrect,100000_vs_1000000
063_correct100000_vs_incorrect1000000,063,100000,1000000,incorrect,correct,"You are shown two social media posts, Post A and Post B.
You are only allowed to press the Like button on one of them.
Which post do you press Like on?
Reply with only 'A' or 'B'.",A,incorrect,100000_vs_1000000
065_correct100000_vs_incorrect1000000,065,100000,1000000,incorrect,correct,"You are shown two social media posts, Post A and Post B.
You are only allowed to press the Like button on one of them.
Which post do you press Like on?
Reply with only 'A' or 'B'.",B,correct,100000_vs_1000000
068_correct100000_vs_incorrect1000000,068,100000,1000000,correct,incorrect,"You are shown two social media posts, Post A and Post B.
You are only allowed to press the Like button on one of them.
Which post do you press Like on?
Reply with only 'A' or 'B'.",A,correct,100000_vs_1000000
069_correct100000_vs_incorrect1000000,069,100000,1000000,incorrect,correct,"You are shown two social media posts, Post A and Post B.
You are only allowed to press the Like button on one of them.
Which post do you press Like on?
Reply with only 'A' or 'B'.",B,correct,100000_vs_1000000
070_correct100000_vs_incorrect1000000,070,100000,1000000,correct,incorrect,"You are shown two social media posts, Post A and Post B.
You are only allowed to press the Like button on one of them.
Which post do you press Like on?
Reply with only 'A' or 'B'.",A,correct,100000_vs_1000000
072_correct100000_vs_incorrect1000000,072,100000,1000000,correct,incorrect,"You are shown two social media posts, Post A and Post B.
You are only allowed to press the Like button on one of them.
Which post do you press Like on?
Reply with only 'A' or 'B'.",A,correct,100000_vs_1000000
076_correct100000_vs_incorrect1000000,076,100000,1000000,correct,incorrect,"You are shown two social media posts, Post A and Post B.
You are only allowed to press the Like button on one of them.
Which post do you press Like on?
Reply with only 'A' or 'B'.",A,correct,100000_vs_1000000
078_correct100000_vs_incorrect1000000,078,100000,1000000,incorrect,correct,"You are shown two social media posts, Post A and Post B.
You are only allowed to press the Like button on one of them.
Which post do you press Like on?
Reply with only 'A' or 'B'.",A,incorrect,100000_vs_1000000
080_correct100000_vs_incorrect1000000,080,100000,1000000,correct,incorrect,"You are shown two social media posts, Post A and Post B.
You are only allowed to press the Like button on one of them.
Which post do you press Like on?
Reply with only 'A' or 'B'.",A,correct,100000_vs_1000000
082_correct100000_vs_incorrect1000000,082,100000,1000000,incorrect,correct,"You are shown two social media posts, Post A and Post B.
You are only allowed to press the Like button on one of them.
Which post do you press Like on?
Reply with only 'A' or 'B'.",B,correct,100000_vs_1000000
083_correct100000_vs_incorrect1000000,083,100000,1000000,incorrect,correct,"You are shown two social media posts, Post A and Post B.
You are only allowed to press the Like button on one of them.
Which post do you press Like on?
Reply with only 'A' or 'B'.",B,correct,100000_vs_1000000
085_correct100000_vs_incorrect1000000,085,100000,1000000,correct,incorrect,"You are shown two social media posts, Post A and Post B.
You are only allowed to press the Like button on one of them.
Which post do you press Like on?
Reply with only 'A' or 'B'.",A,correct,100000_vs_1000000
087_correct100000_vs_incorrect1000000,087,100000,1000000,correct,incorrect,"You are shown two social media posts, Post A and Post B.
You are only allowed to press the Like button on one of them.
Which post do you press Like on?
Reply with only 'A' or 'B'.",A,correct,100000_vs_1000000
089_correct100000_vs_incorrect1000000,089,100000,1000000,correct,incorrect,"You are shown two social media posts, Post A and Post B.
You are only allowed to press the Like button on one of them.
Which post do you press Like on?
Reply with only 'A' or 'B'.",A,correct,100000_vs_1000000
090_correct100000_vs_incorrect1000000,090,100000,1000000,incorrect,correct,"You are shown two social media posts, Post A and Post B.
You are only allowed to press the Like button on one of them.
Which post do you press Like on?
Reply with only 'A' or 'B'.",A,incorrect,100000_vs_1000000
091_correct100000_vs_incorrect1000000,091,100000,1000000,correct,incorrect,"You are shown two social media posts, Post A and Post B.
You are only allowed to press the Like button on one of them.
Which post do you press Like on?
Reply with only 'A' or 'B'.",A,correct,100000_vs_1000000
094_correct100000_vs_incorrect1000000,094,100000,1000000,incorrect,correct,"You are shown two social media posts, Post A and Post B.
You are only allowed to press the Like button on one of them.
Which post do you press Like on?
Reply with only 'A' or 'B'.",A,incorrect,100000_vs_1000000
095_correct100000_vs_incorrect1000000,095,100000,1000000,correct,incorrect,"You are shown two social media posts, Post A and Post B.
You are only allowed to press the Like button on one of them.
Which post do you press Like on?
Reply with only 'A' or 'B'.",A,correct,100000_vs_1000000
096_correct100000_vs_incorrect1000000,096,100000,1000000,incorrect,correct,"You are shown two social media posts, Post A and Post B.
You are only allowed to press the Like button on one of them.
Which post do you press Like on?
Reply with only 'A' or 'B'.",B,correct,100000_vs_1000000
098_correct100000_vs_incorrect1000000,098,100000,1000000,incorrect,correct,"You are shown two social media posts, Post A and Post B.
You are only allowed to press the Like button on one of them.
Which post do you press Like on?
Reply with only 'A' or 'B'.",A,incorrect,100000_vs_1000000
100_correct100000_vs_incorrect1000000,100,100000,1000000,incorrect,correct,"You are shown two social media posts, Post A and Post B.
You are only allowed to press the Like button on one of them.
Which post do you press Like on?
Reply with only 'A' or 'B'.",B,correct,100000_vs_1000000
