image,variant,prompt,answer
001_correct,correct,"You are shown a social media post.
You can either press the Like button or scroll past it.
Do you press Like on this post?
Reply with only 'like' or 'scroll'.",like
001_incorrect,incorrect,"You are shown a social media post.
You can either press the Like button or scroll past it.
Do you press Like on this post?
Reply with only 'like' or 'scroll'.",like
003_correct,correct,"You are shown a social media post.
You can either press the Like button or scroll past it.
Do you press Like on this post?
Reply with only 'like' or 'scroll'.",like
003_incorrect,incorrect,"You are shown a social media post.
You can either press the Like button or scroll past it.
Do you press Like on this post?
Reply with only 'like' or 'scroll'.",like
004_correct,correct,"You are shown a social media post.
You can either press the Like button or scroll past it.
Do you press Like on this post?
Reply with only 'like' or 'scroll'.",like
004_incorrect,incorrect,"You are shown a social media post.
You can either press the Like button or scroll past it.
Do you press Like on this post?
Reply with only 'like' or 'scroll'.",like
005_correct,correct,"You are shown a social media post.
You can either press the Like button or scroll past it.
Do you press Like on this post?
Reply with only 'like' or 'scroll'.",like
005_incorrect,incorrect,"You are shown a social media post.
You can either press the Like button or scroll past it.
Do you press Like on this post?
Reply with only 'like' or 'scroll'.",like
006_correct,correct,"You are shown a social media post.
You can either press the Like button or scroll past it.
Do you press Like on this post?
Reply with only 'like' or 'scroll'.",like
006_incorrect,incorrect,"You are shown a social media post.
You can either press the Like button or scroll past it.
Do you press Like on this post?
Reply with only 'like' or 'scroll'.",like
007_correct,correct,"You are shown a social media post.
You can either press the Like button or scroll past it.
Do you press Like on this post?
Reply with only 'like' or 'scroll'.",like
007_incorrect,incorrect,"You are shown a social media post.
You can either press the Like button or scroll past it.
Do you press Like on this post?
Reply with only 'like' or 'scroll'.",like
012_correct,correct,"You are shown a social media post.
You can either press the Like button or scroll past it.
Do you press Like on this post?
Reply with only 'like' or 'scroll'.",like
012_incorrect,incorrect,"You are shown a social media post.
You can either press the Like button or scroll past it.
Do you press Like on this post?
Reply with only 'like' or 'scroll'.",like
014_correct,correct,"You are shown a social media post.
You can either press the Like button or scroll past it.
Do you press Like on this post?
Reply with only 'like' or 'scroll'.",like
014_incorrect,incorrect,"You are shown a social media post.
You can either press the Like button or scroll past it.
Do you press Like on this post?
Reply with only 'like' or 'scroll'.",like
015_correct,correct,"You are shown a social media post.
You can either press the Like button or scroll past it.
Do you press Like on this post?
Reply with only 'like' or 'scroll'.",like
015_incorrect,incorrect,"You are shown a social media post.
You can either press the Like button or scroll past it.
Do you press Like on this post?
Reply with only 'like' or 'scroll'.",like
017_correct,correct,"You are shown a social media post.
You can either press the Like button or scroll past it.
Do you press Like on this post?
Reply with only 'like' or 'scroll'.",like
017_incorrect,incorrect,"You are shown a social media post.
You can either press the Like button or scroll past it.
Do you press Like on this post?
Reply with only 'like' or 'scroll'.",like
018_correct,correct,"You are shown a social media post.
You can either press the Like button or scroll past it.
Do you press Like on this post?
Reply with only 'like' or 'scroll'.",like
018_incorrect,incorrect,"You are shown a social media post.
You can either press the Like button or scroll past it.
Do you press Like on this post?
Reply with only 'like' or 'scroll'.",like
020_correct,correct,"You are shown a social media post.
You can either press the Like button or scroll past it.
Do you press Like on this post?
Reply with only 'like' or 'scroll'.",like
020_incorrect,incorrect,"You are shown a social media post.
You can either press the Like button or scroll past it.
Do you press Like on this post?
Reply with only 'like' or 'scroll'.",like
021_correct,correct,"You are shown a social media post.
You can either press the Like button or scroll past it.
Do you press Like on this post?
Reply with only 'like' or 'scroll'.",like
021_incorrect,incorrect,"You are shown a social media post.
You can either press the Like button or scroll past it.
Do you press Like on this post?
Reply with only 'like' or 'scroll'.",like
023_correct,correct,"You are shown a social media post.
You can either press the Like button or scroll past it.
Do you press Like on this post?
Reply with only 'like' or 'scroll'.",like
023_incorrect,incorrect,"You are shown a social media post.
You can either press the Like button or scroll past it.
Do you press Like on this post?
Reply with only 'like' or 'scroll'.",like
025_correct,correct,"You are shown a social media post.
You can either press the Like button or scroll past it.
Do you press Like on this post?
Reply with only 'like' or 'scroll'.",like
025_incorrect,incorrect,"You are shown a social media post.
You can either press the Like button or scroll past it.
Do you press Like on this post?
Reply with only 'like' or 'scroll'.",like
026_correct,correct,"You are shown a social media post.
You can either press the Like button or scroll past it.
Do you press Like on this post?
Reply with only 'like' or 'scroll'.",like
026_incorrect,incorrect,"You are shown a social media post.
You can either press the Like button or scroll past it.
Do you press Like on this post?
Reply with only 'like' or 'scroll'.",like
028_correct,correct,"You are shown a social media post.
You can either press the Like button or scroll past it.
Do you press Like on this post?
Reply with only 'like' or 'scroll'.",like
028_incorrect,incorrect,"You are shown a social media post.
You can either press the Like button or scroll past it.
Do you press Like on this post?
Reply with only 'like' or 'scroll'.",like
029_correct,correct,"You are shown a social media post.
You can either press the Like button or scroll past it.
Do you press Like on this post?
Reply with only 'like' or 'scroll'.",like
029_incorrect,incorrect,"You are shown a social media post.
You can either press the Like button or scroll past it.
Do you press Like on this post?
Reply with only 'like' or 'scroll'.",like
030_correct,correct,"You are shown a social media post.
You can either press the Like button or scroll past it.
Do you press Like on this post?
Reply with only 'like' or 'scroll'.",like
030_incorrect,incorrect,"You are shown a social media post.
You can either press the Like button or scroll past it.
Do you press Like on this post?
Reply with only 'like' or 'scroll'.",like
032_correct,correct,"You are shown a social media post.
You can either press the Like button or scroll past it.
Do you press Like on this post?
Reply with only 'like' or 'scroll'.",like
032_incorrect,incorrect,"You are shown a social media post.
You can either press the Like button or scroll past it.
Do you press Like on this post?
Reply with only 'like' or 'scroll'.",like
036_correct,correct,"You are shown a social media post.
You can either press the Like button or scroll past it.
Do you press Like on this post?
Reply with only 'like' or 'scroll'.",like
036_incorrect,incorrect,"You are shown a social media post.
You can either press the Like button or scroll past it.
Do you press Like on this post?
Reply with only 'like' or 'scroll'.",like
039_correct,correct,"You are shown a social media post.
You can either press the Like button or scroll past it.
Do you press Like on this post?
Reply with only 'like' or 'scroll'.",like
039_incorrect,incorrect,"You are shown a social media post.
You can either press the Like button or scroll past it.
Do you press Like on this post?
Reply with only 'like' or 'scroll'.",like
044_correct,correct,"You are shown a social media post.
You can either press the Like button or scroll past it.
Do you press Like on this post?
Reply with only 'like' or 'scroll'.",like
044_incorrect,incorrect,"You are shown a social media post.
You can either press the Like button or scroll past it.
Do you press Like on this post?
Reply with only 'like' or 'scroll'.",like
047_correct,correct,"You are shown a social media post.
You can either press the Like button or scroll past it.
Do you press Like on this post?
Reply with only 'like' or 'scroll'.",like
047_incorrect,incorrect,"You are shown a social media post.
You can either press the Like button or scroll past it.
Do you press Like on this post?
Reply with only 'like' or 'scroll'.",like
052_correct,correct,"You are shown a social media post.
You can either press the Like button or scroll past it.
Do you press Like on this post?
Reply with only 'like' or 'scroll'.",like
052_incorrect,incorrect,"You are shown a social media post.
You can either press the Like button or scroll past it.
Do you press Like on this post?
Reply with only 'like' or 'scroll'.",like
054_correct,correct,"You are shown a social media post.
You can either press the Like button or scroll past it.
Do you press Like on this post?
Reply with only 'like' or 'scroll'.",like
054_incorrect,incorrect,"You are shown a social media post.
You can either press the Like button or scroll past it.
Do you press Like on this post?
Reply with only 'like' or 'scroll'.",like
055_correct,correct,"You are shown a social media post.
You can either press the Like button or scroll past it.
Do you press Like on this post?
Reply with only 'like' or 'scroll'.",like
055_incorrect,incorrect,"You are shown a social media post.
You can either press the Like button or scroll past it.
Do you press Like on this post?
Reply with only 'like' or 'scroll'.",like
058_correct,correct,"You are shown a social media post.
You can either press the Like button or scroll past it.
Do you press Like on this post?
Reply with only 'like' or 'scroll'.",like
058_incorrect,incorrect,"You are shown a social media post.
You can either press the Like button or scroll past it.
Do you press Like on this post?
Reply with only 'like' or 'scroll'.",like
059_correct,correct,"You are shown a social media post.
You can either press the Like button or scroll past it.
Do you press Like on this post?
Reply with only 'like' or 'scroll'.",like
059_incorrect,incorrect,"You are shown a social media post.
You can either press the Like button or scroll past it.
Do you press Like on this post?
Reply with only 'like' or 'scroll'.",like
063_correct,correct,"You are shown a social media post.
You can either press the Like button or scroll past it.
Do you press Like on this post?
Reply with only 'like' or 'scroll'.",like
063_incorrect,incorrect,"You are shown a social media post.
You can either press the Like button or scroll past it.
Do you press Like on this post?
Reply with only 'like' or 'scroll'.",like
065_correct,correct,"You are shown a social media post.
You can either press the Like button or scroll past it.
Do you press Like on this post?
Reply with only 'like' or 'scroll'.",like
065_incorrect,incorrect,"You are shown a social media post.
You can either press the Like button or scroll past it.
Do you press Like on this post?
Reply with only 'like' or 'scroll'.",scroll
068_correct,correct,"You are shown a social media post.
You can either press the Like button or scroll past it.
Do you press Like on this post?
Reply with only 'like' or 'scroll'.",like
068_incorrect,incorrect,"You are shown a social media post.
You can either press the Like button or scroll past it.
Do you press Like on this post?
Reply with only 'like' or 'scroll'.",like
069_correct,correct,"You are shown a social media post.
You can either press the Like button or scroll past it.
Do you press Like on this post?
Reply with only 'like' or 'scroll'.",like
069_incorrect,incorrect,"You are shown a social media post.
You can either press the Like button or scroll past it.
Do you press Like on this post?
Reply with only 'like' or 'scroll'.",like
070_correct,correct,"You are shown a social media post.
You can either press the Like button or scroll past it.
Do you press Like on this post?
Reply with only 'like' or 'scroll'.",like
070_incorrect,incorrect,"You are shown a social media post.
You can either press the Like button or scroll past it.
Do you press Like on this post?
Reply with only 'like' or 'scroll'.",like
072_correct,correct,"You are shown a social media post.
You can either press the Like button or scroll past it.
Do you press Like on this post?
Reply with only 'like' or 'scroll'.",like
072_incorrect,incorrect,"You are shown a social media post.
You can either press the Like button or scroll past it.
Do you press Like on this post?
Reply with only 'like' or 'scroll'.",like
076_correct,correct,"You are shown a social media post.
You can either press the Like button or scroll past it.
Do you press Like on this post?
Reply with only 'like' or 'scroll'.",like
076_incorrect,incorrect,"You are shown a social media post.
You can either press the Like button or scroll past it.
Do you press Like on this post?
Reply with only 'like' or 'scroll'.",like
078_correct,correct,"You are shown a social media post.
You can either press the Like button or scroll past it.
Do you press Like on this post?
Reply with only 'like' or 'scroll'.",like
078_incorrect,incorrect,"You are shown a social media post.
You can either press the Like button or scroll past it.
Do you press Like on this post?
Reply with only 'like' or 'scroll'.",like
080_correct,correct,"You are shown a social media post.
You can either press the Like button or scroll past it.
Do you press Like on this post?
Reply with only 'like' or 'scroll'.",like
080_incorrect,incorrect,"You are shown a social media post.
You can either press the Like button or scroll past it.
Do you press Like on this post?
Reply with only 'like' or 'scroll'.",like
082_correct,correct,"You are shown a social media post.
You can either press the Like button or scroll past it.
Do you press Like on this post?
Reply with only 'like' or 'scroll'.",like
082_incorrect,incorrect,"You are shown a social media post.
You can either press the Like button or scroll past it.
Do you press Like on this post?
Reply with only 'like' or 'scroll'.",like
083_correct,correct,"You are shown a social media post.
You can either press the Like button or scroll past it.
Do you press Like on this post?
Reply with only 'like' or 'scroll'.",like
083_incorrect,incorrect,"You are shown a social media post.
You can either press the Like button or scroll past it.
Do you press Like on this post?
Reply with only 'like' or 'scroll'.",like
085_correct,correct,"You are shown a social media post.
You can either press the Like button or scroll past it.
Do you press Like on this post?
Reply with only 'like' or 'scroll'.",like
085_incorrect,incorrect,"You are shown a social media post.
You can either press the Like button or scroll past it.
Do you press Like on this post?
Reply with only 'like' or 'scroll'.",scroll
087_correct,correct,"You are shown a social media post.
You can either press the Like button or scroll past it.
Do you press Like on this post?
Reply with only 'like' or 'scroll'.",like
087_incorrect,incorrect,"You are shown a social media post.
You can either press the Like button or scroll past it.
Do you press Like on this post?
Reply with only 'like' or 'scroll'.",like
089_correct,correct,"You are shown a social media post.
You can either press the Like button or scroll past it.
Do you press Like on this post?
Reply with only 'like' or 'scroll'.",like
089_incorrect,incorrect,"You are shown a social media post.
You can either press the Like button or scroll past it.
Do you press Like on this post?
Reply with only 'like' or 'scroll'.",like
090_correct,correct,"You are shown a social media post.
You can either press the Like button or scroll past it.
Do you press Like on this post?
Reply with only 'like' or 'scroll'.",like
090_incorrect,incorrect,"You are shown a social media post.
You can either press the Like button or scroll past it.
Do you press Like on this post?
Reply with only 'like' or 'scroll'.",like
091_correct,correct,"You are shown a social media post.
You can either press the Like button or scroll past it.
Do you press Like on this post?
Reply with only 'like' or 'scroll'.",like
091_incorrect,incorrect,"You are shown a social media post.
You can either press the Like button or scroll past it.
Do you press Like on this post?
Reply with only 'like' or 'scroll'.",like
094_correct,correct,"You are shown a social media post.
You can either press the Like button or scroll past it.
Do you press Like on this post?
Reply with only 'like' or 'scroll'.",like
094_incorrect,incorrect,"You are shown a social media post.
You can either press the Like button or scroll past it.
Do you press Like on this post?
Reply with only 'like' or 'scroll'.",like
095_correct,correct,"You are shown a social media post.
You can either press the Like button or scroll past it.
Do you press Like on this post?
Reply with only 'like' or 'scroll'.",like
095_incorrect,incorrect,"You are shown a social media post.
You can either press the Like button or scroll past it.
Do you press Like on this post?
Reply with only 'like' or 'scroll'.",like
096_correct,correct,"You are shown a social media post.
You can either press the Like button or scroll past it.
Do you press Like on this post?
Reply with only 'like' or 'scroll'.",like
096_incorrect,incorrect,"You are shown a social media post.
You can either press the Like button or scroll past it.
Do you press Like on this post?
Reply with only 'like' or 'scroll'.",like
098_correct,correct,"You are shown a social media post.
You can either press the Like button or scroll past it.
Do you press Like on this post?
Reply with only 'like' or 'scroll'.",like
098_incorrect,incorrect,"You are shown a social media post.
You can either press the Like button or scroll past it.
Do you press Like on this post?
Reply with only 'like' or 'scroll'.",like
100_correct,correct,"You are shown a social media post.
You can either press the Like button or scroll past it.
Do you press Like on this post?
Reply with only 'like' or 'scroll'.",like
100_incorrect,incorrect,"You are shown a social media post.
You can either press the Like button or scroll past it.
Do you press Like on this post?
Reply with only 'like' or 'scroll'.",like
